{"loss": 0.3860502243041992, "_timestamp": 1680804290.4133859, "_runtime": 52.88816475868225, "_step": 109, "test error": 0.0, "avg loss": 0.4161025374937969, "_wandb": {"runtime": 52}}